county1,county2
Deer Lodge County,Powell County
Deer Lodge County,Silver Bow County
Big Horn County,Yellowstone County
Beaverhead County,Madison County
Mineral County,Missoula County
Sweet Grass County,Park County
Sweet Grass County,Stillwater County
Park County,Gallatin County
Gallatin County,Broadwater County
Stillwater County,Yellowstone County
Wibaux County,Dawson County
Broadwater County,Jefferson County
Cascade County,Lewis and Clark County
Cascade County,Teton County
Custer County,Prairie County
Custer County,Rosebud County
Dawson County,Prairie County
Granite County,Missoula County
Granite County,Powell County
Jefferson County,Lewis and Clark County
Jefferson County,Silver Bow County
Madison County,Silver Bow County
Pondera County,Teton County
Pondera County,Toole County
Rosebud County,Treasure County
Treasure County,Yellowstone County
